,,,,PPM,,,,,,,,,,,,,,,,,,,,,,,,,,,,,,,,,,,,,,,,,,,,,,,,,,,,,,,,,,,,,,,,,,,,,,,,,,,,,,,,,,,,,,,,,,,,,,,,,,,,,,,,,,,,,,,,,,,,,,,,,,,,,,,,,,,,,,,,,,,,,,,,,,,,,,,,,,,,,,,,,,,,,,,,,,,,,,,,,,,,,,,,,,,,,,,,
,,,,,,,,,,,,,,,,,,,,,,,,,,,,,,,,,,,,,,,,,,,,,,,,,,,,,,,,,,,,,,,,,,,,,,,,,,,,,,,,,,,,,,,,,,,,,,,,,,,,,,,,,,,,,,Trico Plastic,,,,,,,,,,,,,,,,,,,,,,,,,,,,,,,,,,,,,,,,,,,,,,,,,,Año:,,,,2025,,,,,,,,,,,,,,,,,,,,,,,,,Ultima Actualización:,,,,,,,
,,,,,,,,,,,,,,,,,,,,,,,,,,,,,,,,,,,,,,,,,,,,,,,,,,,,,,,,,,,,,,,,,,,,,,,,,,,,,,,,,,,,,,,,,,,,,,,,,,,,,,,,,,,,,,,,,,,,,,,,,,,,,,,,,,,,,,,,,,,,,,,,,,,,,,,,,,,,,,,,,,,,,,,,,,,,,,,,,,,,,,,,,,,,,,,,,,,,
,,,,,,,,,,,,,,,,,,,,,,,,,,,,,,,,,,,,,,,,,,,,,,,,,,,,,,,,,,,,,,,,,,,,,,,,,,,,,,,,,,,,,,,,,,,,,,,,,,,,,,,,,,,,,,,,,,,,,,,,,,,,,,,,,,,,,,,,,,,,,,,,,,,,,,,,,,,,,,,,,,,,,,,,,,,,,,,,,,,,,,,,,,,,,,,,,,,,
,,,,,,,,,,,,,,,,,,,,,,,,,,,,,,,,,,,,,,,,,,,,,,,,,,,,,,,,,,,,,,,,,,,,,,,,,,,,,,,,,,,,,,,,,,,,,,,,,,,,,,,,,,,,,,,,,,,,,,,,,,,,,,,,,,,,,,,,,,,,,,,,,,,,,,,,,,,,,,,,,,,,,,,,,,,,,,,,,,,,,,,,,,,,,,,,,,,,
,,,,,,,,,,,,,,,,,,,,,,,,,,,,,,,,,,,,,,,,,,,,,,,,,,,,,,,,,,,,,,,,,,,,,,,,,,,,,,,,,,,,,,,,,,,,,,,,,,,,,,,,,,,,,,,,,,,,,,,,,,,,,,,,,,,,,,,,,,,,,,,,,,,,,,,,,,,,,,,,,,,,,,,,,,,,,,,,,,,,,,,,,,,,,,,,,,,,
,,,,,,,,,,,,,,,,,,,,,,,,,,,,,,,,,,,,,,,,,,,,,,,,,,,,,,,,,,,,,,,,,,,,,,,,,,,,,,,,,,,,,,,,,,,,,,,,,,,,,,,,,,,,,,,,,,,,,,,,,,,,,,,,,,,,,,,,,,,,,,,,,,,,,,,,,,,,,,,,,,,,,,,,,,,,,,,,,,,,,,,,,,,,,,,,,,,,
,,,,,,,,,,,,,,,,,,,,,,,,,,,,,,,,,,,,,,,,,,,,,,,,,,,,,,,,,,,,,,,,,,,,,,,,,,,,,,,,,,,,,,,,,,,,,,,,,,,,,,,,,,,,,,,,,,,,,,,,,,,,,,,,,,,,,,,,,,,,,,,,,,,,,,,,,,,,,,,,,,,,,,,,,,,,,,,,,,,,,,,,,,,,,,,,,,,,
,,,,,,,,,,,,,,,,,,,,,,,,,,,,,,,,,,,,,,,,,,,,,,,,,,,,,,,,,,,,,,,,,,,,,,,,,,,,,,,,,,,,,,,,,,,,,,,,,,,,,,,,,,,,,,,,,,,,,,,,,,,,,,,,,,,,,,,,,,,,,,,,,,,,,,,,,,,,,,,,,,,,,,,,,,,,,,,,,,,,,,,,,,,,,,,,,,,,
,,,,,,,,,,,,,,,,,,,,,,,,,,,,,,,,,,,,,,,,,,,,,,,,,,,,,,,,,,,,,,,,,,,,,,,,,,,,,,,,,,,,,,,,,,,,,,,,,,,,,,,,,,,,,,,,,,,,,,,,,,,,,,,,,,,,,,,,,,,,,,,,,,,,,,,,,,,,,,,,,,,,,,,,,,,,,,,,,,,,,,,,,,,,,,,,,,,,
,OPERACIÓN,CODIGO DEFECTO,Descripción del Problema  ,SEM 14,,,,,SEM 15,,,,,SEM 16,,,,,SEM 17,,,,,SEM 18,,,,,TOTALES,,,,,April,,,,,,,,,,,,,,,,,,,,,,,,,,,,,,,,,,,,,,,,,,,,,,,,,,,,,,,,,,,,,,,,,,,,,,,,,,,,,,,,,,,,,,,,,,,,,,,,,,,,,,,,,,,,,,,,,,,,,,,,,,,,,,,,,,,,,,,,,,,,,,,,,,,,,,,,,,,,,,,,,,
,,,,,,,,,,,,,,,,,,,,,,,,,,,,,Defectos,Scrap,Pruebas,Mtto,Proveedores,1-Apr,,,,,2-Apr,,,,,3-Apr,,,,,4-Apr,,,,,5-Apr,,,,,6-Apr,,,,,7-Apr,,,,,8-Apr,,,,,9-Apr,,,,,10-Apr,,,,,11-Apr,,,,,12-Apr,,,,,13-Apr,,,,,14-Apr,,,,,15-Apr,,,,,16-Apr,,,,,17-Apr,,,,,18-Apr,,,,,19-Apr,,,,,20-Apr,,,,,21-Apr,,,,,22-Apr,,,,,23-Apr,,,,,24-Apr,,,,,25-Apr,,,,,26-Apr,,,,,27-Apr,,,,,28-Apr,,,,,29-Apr,,,,,30-Apr,,,,,31-Mar,,,,,Total Count,,,,,,,
,,,,Defectos,Scrap,Pruebas,Mtto,Proveedores,Defectos,Scrap,Pruebas,Mtto,Proveedores,Defectos,Scrap,Pruebas,Mtto,Proveedores,Defectos,Scrap,Pruebas,Mtto,Proveedores,Defectos,Scrap,Pruebas,Mtto,Proveedores,,,,,,Defectos,Scrap,Pruebas,Mtto,Proveedores,Defectos,Scrap,Pruebas,Mtto,Proveedores,Defectos,Scrap,Pruebas,Mtto,Proveedores,Defectos,Scrap,Pruebas,Mtto,Proveedores,Defectos,Scrap,Pruebas,Mtto,Proveedores,Defectos,Scrap,Pruebas,Mtto,Proveedores,Defectos,Scrap,Pruebas,Mtto,Proveedores,Defectos,Scrap,Pruebas,Mtto,Proveedores,Defectos,Scrap,Pruebas,Mtto,Proveedores,Defectos,Scrap,Pruebas,Mtto,Proveedores,Defectos,Scrap,Pruebas,Mtto,Proveedores,Defectos,Scrap,Pruebas,Mtto,Proveedores,Defectos,Scrap,Pruebas,Mtto,Proveedores,Defectos,Scrap,Pruebas,Mtto,Proveedores,Defectos,Scrap,Pruebas,Mtto,Proveedores,Defectos,Scrap,Pruebas,Mtto,Proveedores,Defectos,Scrap,Pruebas,Mtto,Proveedores,Defectos,Scrap,Pruebas,Mtto,Proveedores,Defectos,Scrap,Pruebas,Mtto,Proveedores,Defectos,Scrap,Pruebas,Mtto,Proveedores,Defectos,Scrap,Pruebas,Mtto,Proveedores,Defectos,Scrap,Pruebas,Mtto,Proveedores,Defectos,Scrap,Pruebas,Mtto,Proveedores,Defectos,Scrap,Pruebas,Mtto,Proveedores,Defectos,Scrap,Pruebas,Mtto,Proveedores,Defectos,Scrap,Pruebas,Mtto,Proveedores,Defectos,Scrap,Pruebas,Mtto,Proveedores,Defectos,Scrap,Pruebas,Mtto,Proveedores,Defectos,Scrap,Pruebas,Mtto,Proveedores,Defectos,Scrap,Pruebas,Mtto,Proveedores,Defectos,Scrap,Pruebas,Mtto,Proveedores,,,COD,% W01,% W02,% W03,% W04,% W05
,Proveedor Externo,A,Terminal dañada,0,#REF!,0,0,0,0,19,0,0,0,0,9,0,0,0,13,0,0,0,0,#REF!,0,0,0,0,13,#REF!,0,0,0,,4,,,,,2,,,,,4,,,,,2,,,,,1,,,,,,,,,,5,,,,,3,,,,,2,,,,,3,,,,,3,,,,,2,,,,,,,,,,2,,,,,5,,,,,4,,,,,6,,,,,,,,,,,,,,,,,,,,3,,,,,,,,,,,,,,,,,,,,,,,,,,,,,,,,,,,,,,,,,,,,,,,,,,,,,,13,,A, , ,#REF!,#REF!,#REF!
,,B,Resorte Dañado,0,#REF!,0,0,0,0,18,0,0,0,0,10,0,0,0,13,0,0,0,0,#REF!,0,0,0,0,13,#REF!,0,0,0,,7,,,,,3,,,,,3,,,,,2,,,,,3,,,,,,,,,,2,,,,,1,,,,,2,,,,,3,,,,,2,,,,,2,,,,,,,,,,5,,,,,3,,,,,3,,,,,2,,,,,,,,,,,,,,,,,,,,8,,,,,,,,,,,,,,,,,,,,,,,,,,,,,,,,,,,,,,,,,,,,,,,,,,,,,,13,,B, , ,#REF!,#REF!,#REF!
,,C,Escobilla dañada,0,#REF!,0,0,0,0,17,0,0,0,0,7,0,0,0,10,0,0,0,0,#REF!,0,0,0,0,10,#REF!,0,0,0,,7,,,,,5,,,,,6,,,,,4,,,,,1,,,,,,,,,,10,,,,,12,,,,,9,,,,,1,,,,,2,,,,,1,,,,,,,,,,8,,,,,2,,,,,3,,,,,2,,,,,,,,,,,,,,,,,,,,5,,,,,,,,,,,,,,,,,,,,,,,,,,,,,,,,,,,,,,,,,,,,,,,,,,,,,,10,,C, , ,#REF!,#REF!,#REF!
,,D,Escobilla grande,0,#REF!,0,0,0,0,0,0,0,0,0,0,0,0,0,0,0,0,0,0,#REF!,0,0,0,0,0,#REF!,0,0,0,,,,,,,,,,,,,,,,,,,,,,,,,,,,,,,,,,,,,,,,,,,,,,,,,,,,,,,,,,,,,,,,,,,,,,,,,,,,,,,,,,,,,,,,,,,,,,,,,,,,,,,,,,,,,,,,,,,,,,,,,,,,,,,,,,,,,,,,,,,,,,,,,,,,,,,,,,,,0,,D, , ,#REF!,#REF!,#REF!
,,E,Escobilla pequeña,0,#REF!,0,0,0,0,0,0,0,0,0,0,0,0,0,0,0,0,0,0,#REF!,0,0,0,0,0,#REF!,0,0,0,,,,,,,,,,,,,,,,,,,,,,,,,,,,,,,,,,,,,,,,,,,,,,,,,,,,,,,,,,,,,,,,,,,,,,,,,,,,,,,,,,,,,,,,,,,,,,,,,,,,,,,,,,,,,,,,,,,,,,,,,,,,,,,,,,,,,,,,,,,,,,,,,,,,,,,,,,,,0,,E, , ,#REF!,#REF!,#REF!
,,F,Slinger Dañado,0,#REF!,0,0,0,0,34,0,0,0,0,14,0,0,0,20,0,0,0,0,#REF!,0,0,0,0,20,#REF!,0,0,0,,3,,,,,2,,,,,3,,,,,1,,,,,1,,,,,,,,,,5,,,,,4,,,,,3,,,,,6,,,,,7,,,,,5,,,,,,,,,,4,,,,,6,,,,,6,,,,,10,,,,,,,,,,,,,,,,,,,,4,,,,,,,,,,,,,,,,,,,,,,,,,,,,,,,,,,,,,,,,,,,,,,,,,,,,,,20,,F, , ,#REF!,#REF!,#REF!
,,G,Slinger Quemado,0,#REF!,0,0,0,0,0,0,0,0,0,2,0,0,0,2,0,0,0,0,#REF!,0,0,0,0,2,#REF!,0,0,0,,6,,,,,2,,,,,2,,,,,3,,,,,2,,,,,,,,,,,,,,,,,,,,,,,,,,,,,,,,,,,,,,,,,,,,,,,,,,,,,,,,,,,,,,,,,,,,,,,,,,,,,,,,2,,,,,,,,,,,,,,,,,,,,,,,,,,,,,,,,,,,,,,,,,,,,,,,,,,,,,,2,,G, , ,#REF!,#REF!,#REF!
,,H,Slinger Contaminado,0,3,0,0,0,0,0,0,0,0,0,0,0,0,0,0,0,0,0,0,#REF!,0,0,0,0,0,3,0,0,0,,,,,,,,,,,,,,,,,,,,,,,,,,,,,,,,3,,,,,,,,,,,,,,,,,,,,,,,,,,,,,,,,,,,,,,,,,,,,,,,,,,,,,,,,,,,,,,,,,,,,,,,,,,,,,,,,,,,,,,,,,,,,,,,,,,,,,,,,,,,,,,,,,,,,,,,,,,,,0,,H, , ,#REF!,#REF!,#REF!
,Op 10,I,Brush holder dañado ,0,67,0,0,0,0,54,0,0,0,0,23,0,0,0,32,0,0,0,0,#REF!,0,0,0,0,32,144,0,0,0,,9,,,,,7,,,,,10,,,,,7,,,,,6,,,,,,,,,,10,,,,,12,,,,,6,,,,,9,,,,,10,,,,,9,,,,,,,,,,9,,,,,8,,,,,9,,,,,12,,,,,,,,,,,,,,,,,,,,11,,,,,,,,,,,,,,,,,,,,,,,,,,,,,,,,,,,,,,,,,,,,,,,,,,,,,,32,,I, , ,#REF!,#REF!,#REF!
,Op 20,J,Resorte dañado,0,0,0,0,0,0,0,0,0,0,0,0,0,0,0,0,0,0,0,0,#REF!,0,0,0,0,0,0,0,0,0,,,,,,,,,,,,,,,,,,,,,,,,,,,,,,,,,,,,,,,,,,,,,,,,,,,,,,,,,,,,,,,,,,,,,,,,,,,,,,,,,,,,,,,,,,,,,,,,,,,,,,,,,,,,,,,,,,,,,,,,,,,,,,,,,,,,,,,,,,,,,,,,,,,,,,,,,,,,0,,J, , ,#REF!,#REF!,#REF!
,,K,Doble resorte,0,0,0,0,0,0,0,0,0,0,0,0,0,0,0,0,0,0,0,0,#REF!,0,0,0,0,0,0,0,0,0,,,,,,,,,,,,,,,,,,,,,,,,,,,,,,,,,,,,,,,,,,,,,,,,,,,,,,,,,,,,,,,,,,,,,,,,,,,,,,,,,,,,,,,,,,,,,,,,,,,,,,,,,,,,,,,,,,,,,,,,,,,,,,,,,,,,,,,,,,,,,,,,,,,,,,,,,,,,0,,K, , ,#REF!,#REF!,#REF!
,,L,Falta de resorte,0,0,0,0,0,0,0,0,0,0,0,0,0,0,0,0,0,0,0,0,#REF!,0,0,0,0,0,0,0,0,0,,,,,,,,,,,,,,,,,,,,,,,,,,,,,,,,,,,,,,,,,,,,,,,,,,,,,,,,,,,,,,,,,,,,,,,,,,,,,,,,,,,,,,,,,,,,,,,,,,,,,,,,,,,,,,,,,,,,,,,,,,,,,,,,,,,,,,,,,,,,,,,,,,,,,,,,,,,,0,,L, , ,#REF!,#REF!,#REF!
,Op 30,M,Ensamble escobilla 1,0,0,0,0,0,0,0,0,0,0,0,0,0,0,0,0,0,0,0,0,#REF!,0,0,0,0,0,0,0,0,0,,,,,,,,,,,,,,,,,,,,,,,,,,,,,,,,,,,,,,,,,,,,,,,,,,,,,,,,,,,,,,,,,,,,,,,,,,,,,,,,,,,,,,,,,,,,,,,,,,,,,,,,,,,,,,,,,,,,,,,,,,,,,,,,,,,,,,,,,,,,,,,,,,,,,,,,,,,,0,,M, , ,#REF!,#REF!,#REF!
,,N,Escobilla quebreda,0,0,0,0,0,0,0,0,0,0,0,0,0,0,0,0,0,0,0,0,#REF!,0,0,0,0,0,0,0,0,0,,,,,,,,,,,,,,,,,,,,,,,,,,,,,,,,,,,,,,,,,,,,,,,,,,,,,,,,,,,,,,,,,,,,,,,,,,,,,,,,,,,,,,,,,,,,,,,,,,,,,,,,,,,,,,,,,,,,,,,,,,,,,,,,,,,,,,,,,,,,,,,,,,,,,,,,,,,,0,,N, , ,#REF!,#REF!,#REF!
,,Ñ,Escobilla grande,0,0,0,0,0,0,0,0,0,0,0,0,0,0,0,0,0,0,0,0,#REF!,0,0,0,0,0,0,0,0,0,,,,,,,,,,,,,,,,,,,,,,,,,,,,,,,,,,,,,,,,,,,,,,,,,,,,,,,,,,,,,,,,,,,,,,,,,,,,,,,,,,,,,,,,,,,,,,,,,,,,,,,,,,,,,,,,,,,,,,,,,,,,,,,,,,,,,,,,,,,,,,,,,,,,,,,,,,,,0,,O, , ,#REF!,#REF!,#REF!
,,O,Escobilla chica,0,0,0,0,0,0,0,0,0,0,0,0,0,0,0,0,0,0,0,0,#REF!,0,0,0,0,0,0,0,0,0,,,,,,,,,,,,,,,,,,,,,,,,,,,,,,,,,,,,,,,,,,,,,,,,,,,,,,,,,,,,,,,,,,,,,,,,,,,,,,,,,,,,,,,,,,,,,,,,,,,,,,,,,,,,,,,,,,,,,,,,,,,,,,,,,,,,,,,,,,,,,,,,,,,,,,,,,,,,0,,P, , ,#REF!,#REF!,#REF!
,,P,Cable dañado,0,0,0,0,0,0,0,0,0,0,0,0,0,0,0,0,0,0,0,0,#REF!,0,0,0,0,0,0,0,0,0,,,,,,,,,,,,,,,,,,,,,,,,,,,,,,,,,,,,,,,,,,,,,,,,,,,,,,,,,,,,,,,,,,,,,,,,,,,,,,,,,,,,,,,,,,,,,,,,,,,,,,,,,,,,,,,,,,,,,,,,,,,,,,,,,,,,,,,,,,,,,,,,,,,,,,,,,,,,0,,R, , ,#REF!,#REF!,#REF!
,,Q,Cable corto,0,0,0,0,0,0,0,0,0,0,0,0,0,0,0,0,0,0,0,0,#REF!,0,0,0,0,0,0,0,0,0,,,,,,,,,,,,,,,,,,,,,,,,,,,,,,,,,,,,,,,,,,,,,,,,,,,,,,,,,,,,,,,,,,,,,,,,,,,,,,,,,,,,,,,,,,,,,,,,,,,,,,,,,,,,,,,,,,,,,,,,,,,,,,,,,,,,,,,,,,,,,,,,,,,,,,,,,,,,0,,S, , ,#REF!,#REF!,#REF!
,,R,Cable largo,0,0,0,0,0,0,0,0,0,0,0,0,0,0,0,0,0,0,0,0,#REF!,0,0,0,0,0,0,0,0,0,,,,,,,,,,,,,,,,,,,,,,,,,,,,,,,,,,,,,,,,,,,,,,,,,,,,,,,,,,,,,,,,,,,,,,,,,,,,,,,,,,,,,,,,,,,,,,,,,,,,,,,,,,,,,,,,,,,,,,,,,,,,,,,,,,,,,,,,,,,,,,,,,,,,,,,,,,,,0,,T, , ,#REF!,#REF!,#REF!
,Op 40,S,Ensamble escobilla 2,0,0,0,0,0,0,0,0,0,0,0,0,0,0,0,0,0,0,0,0,#REF!,0,0,0,0,0,0,0,0,0,,,,,,,,,,,,,,,,,,,,,,,,,,,,,,,,,,,,,,,,,,,,,,,,,,,,,,,,,,,,,,,,,,,,,,,,,,,,,,,,,,,,,,,,,,,,,,,,,,,,,,,,,,,,,,,,,,,,,,,,,,,,,,,,,,,,,,,,,,,,,,,,,,,,,,,,,,,,0,,U, , ,#REF!,#REF!,#REF!
,,T,Escobilla quebreda,0,0,0,0,0,0,0,0,0,0,0,0,0,0,0,0,0,0,0,0,#REF!,0,0,0,0,0,0,0,0,0,,,,,,,,,,,,,,,,,,,,,,,,,,,,,,,,,,,,,,,,,,,,,,,,,,,,,,,,,,,,,,,,,,,,,,,,,,,,,,,,,,,,,,,,,,,,,,,,,,,,,,,,,,,,,,,,,,,,,,,,,,,,,,,,,,,,,,,,,,,,,,,,,,,,,,,,,,,,0,,V, , ,#REF!,#REF!,#REF!
,,U,Escobilla grande,0,0,0,0,0,0,0,0,0,0,0,0,0,0,0,0,0,0,0,0,#REF!,0,0,0,0,0,0,0,0,0,,,,,,,,,,,,,,,,,,,,,,,,,,,,,,,,,,,,,,,,,,,,,,,,,,,,,,,,,,,,,,,,,,,,,,,,,,,,,,,,,,,,,,,,,,,,,,,,,,,,,,,,,,,,,,,,,,,,,,,,,,,,,,,,,,,,,,,,,,,,,,,,,,,,,,,,,,,,0,,W, , ,#REF!,#REF!,#REF!
,,V,Escobilla chica,0,0,0,0,0,0,0,0,0,0,0,0,0,0,0,0,0,0,0,0,#REF!,0,0,0,0,0,0,0,0,0,,,,,,,,,,,,,,,,,,,,,,,,,,,,,,,,,,,,,,,,,,,,,,,,,,,,,,,,,,,,,,,,,,,,,,,,,,,,,,,,,,,,,,,,,,,,,,,,,,,,,,,,,,,,,,,,,,,,,,,,,,,,,,,,,,,,,,,,,,,,,,,,,,,,,,,,,,,,0,,X, , ,#REF!,#REF!,#REF!
,,W,Cable dañado,0,0,0,0,0,0,0,0,0,0,0,0,0,0,0,0,0,0,0,0,#REF!,0,0,0,0,0,0,0,0,0,,,,,,,,,,,,,,,,,,,,,,,,,,,,,,,,,,,,,,,,,,,,,,,,,,,,,,,,,,,,,,,,,,,,,,,,,,,,,,,,,,,,,,,,,,,,,,,,,,,,,,,,,,,,,,,,,,,,,,,,,,,,,,,,,,,,,,,,,,,,,,,,,,,,,,,,,,,,0,,Y, , ,#REF!,#REF!,#REF!
,,X,Cable corto,0,0,0,0,0,0,0,0,0,0,0,0,0,0,0,0,0,0,0,0,#REF!,0,0,0,0,0,0,0,0,0,,,,,,,,,,,,,,,,,,,,,,,,,,,,,,,,,,,,,,,,,,,,,,,,,,,,,,,,,,,,,,,,,,,,,,,,,,,,,,,,,,,,,,,,,,,,,,,,,,,,,,,,,,,,,,,,,,,,,,,,,,,,,,,,,,,,,,,,,,,,,,,,,,,,,,,,,,,,0,,Z, , ,#REF!,#REF!,#REF!
,,Y,Cable largo,0,0,0,0,0,0,0,0,0,0,0,0,0,0,0,0,0,0,0,0,#REF!,0,0,0,0,0,0,0,0,0,,,,,,,,,,,,,,,,,,,,,,,,,,,,,,,,,,,,,,,,,,,,,,,,,,,,,,,,,,,,,,,,,,,,,,,,,,,,,,,,,,,,,,,,,,,,,,,,,,,,,,,,,,,,,,,,,,,,,,,,,,,,,,,,,,,,,,,,,,,,,,,,,,,,,,,,,,,,0,,AA, , ,#REF!,#REF!,#REF!
,Op 50,Z,Hilos sueltos,0,0,0,0,0,0,0,0,0,0,0,0,0,0,0,0,0,0,0,0,#REF!,0,0,0,0,0,0,0,0,0,,,,,,,,,,,,,,,,,,,,,,,,,,,,,,,,,,,,,,,,,,,,,,,,,,,,,,,,,,,,,,,,,,,,,,,,,,,,,,,,,,,,,,,,,,,,,,,,,,,,,,,,,,,,,,,,,,,,,,,,,,,,,,,,,,,,,,,,,,,,,,,,,,,,,,,,,,,,0,,AB, , ,#REF!,#REF!,#REF!
,,AA,Falta de doblez,0,0,0,0,0,0,0,0,0,0,0,0,0,0,0,0,0,0,0,0,#REF!,0,0,0,0,0,0,0,0,0,,,,,,,,,,,,,,,,,,,,,,,,,,,,,,,,,,,,,,,,,,,,,,,,,,,,,,,,,,,,,,,,,,,,,,,,,,,,,,,,,,,,,,,,,,,,,,,,,,,,,,,,,,,,,,,,,,,,,,,,,,,,,,,,,,,,,,,,,,,,,,,,,,,,,,,,,,,,0,,AC, , ,#REF!,#REF!,#REF!
,Op 60,AB,Falta de doblez,0,0,0,0,0,0,0,0,0,0,0,0,0,0,0,0,0,0,0,0,#REF!,0,0,0,0,0,0,0,0,0,,,,,,,,,,,,,,,,,,,,,,,,,,,,,,,,,,,,,,,,,,,,,,,,,,,,,,,,,,,,,,,,,,,,,,,,,,,,,,,,,,,,,,,,,,,,,,,,,,,,,,,,,,,,,,,,,,,,,,,,,,,,,,,,,,,,,,,,,,,,,,,,,,,,,,,,,,,,0,,AD, , ,#REF!,#REF!,#REF!
,,AC,Falta de escobilla,0,0,0,0,0,0,0,0,0,0,0,0,0,0,0,0,0,0,0,0,0,0,0,0,0,0,0,0,0,0,,,,,,,,,,,,,,,,,,,,,,,,,,,,,,,,,,,,,,,,,,,,,,,,,,,,,,,,,,,,,,,,,,,,,,,,,,,,,,,,,,,,,,,,,,,,,,,,,,,,,,,,,,,,,,,,,,,,,,,,,,,,,,,,,,,,,,,,,,,,,,,,,,,,,,,,,,,,,,,,,,,
,Op 80,AD,Falta de soldadura,0,0,0,0,0,0,0,0,0,0,0,0,0,0,0,0,0,0,0,0,#REF!,0,0,0,0,0,0,0,0,0,,,,,,,,,,,,,,,,,,,,,,,,,,,,,,,,,,,,,,,,,,,,,,,,,,,,,,,,,,,,,,,,,,,,,,,,,,,,,,,,,,,,,,,,,,,,,,,,,,,,,,,,,,,,,,,,,,,,,,,,,,,,,,,,,,,,,,,,,,,,,,,,,,,,,,,,,,,,0,,AE, , ,#REF!,#REF!,#REF!
,,AE,Exceso de soldadura,0,0,0,0,0,0,0,0,0,0,0,0,0,0,0,0,0,0,0,0,#REF!,0,0,0,0,0,0,0,0,0,,,,,,,,,,,,,,,,,,,,,,,,,,,,,,,,,,,,,,,,,,,,,,,,,,,,,,,,,,,,,,,,,,,,,,,,,,,,,,,,,,,,,,,,,,,,,,,,,,,,,,,,,,,,,,,,,,,,,,,,,,,,,,,,,,,,,,,,,,,,,,,,,,,,,,,,,,,,0,,AF, , ,#REF!,#REF!,#REF!
,,AF,Sin soldar,0,0,0,0,0,0,0,0,0,0,0,0,0,0,0,0,0,0,0,0,#REF!,0,0,0,0,0,0,0,0,0,,,,,,,,,,,,,,,,,,,,,,,,,,,,,,,,,,,,,,,,,,,,,,,,,,,,,,,,,,,,,,,,,,,,,,,,,,,,,,,,,,,,,,,,,,,,,,,,,,,,,,,,,,,,,,,,,,,,,,,,,,,,,,,,,,,,,,,,,,,,,,,,,,,,,,,,,,,,0,,AG, , ,#REF!,#REF!,#REF!
,,AG,Brush holder quemado,0,0,0,0,0,0,0,0,0,0,0,0,0,0,0,0,0,0,0,0,#REF!,0,0,0,0,0,0,0,0,0,,,,,,,,,,,,,,,,,,,,,,,,,,,,,,,,,,,,,,,,,,,,,,,,,,,,,,,,,,,,,,,,,,,,,,,,,,,,,,,,,,,,,,,,,,,,,,,,,,,,,,,,,,,,,,,,,,,,,,,,,,,,,,,,,,,,,,,,,,,,,,,,,,,,,,,,,,,,0,,AH, , ,#REF!,#REF!,#REF!
,,AH,Poro,0,0,0,0,0,0,0,0,0,0,0,0,0,0,0,0,0,0,0,0,#REF!,0,0,0,0,0,0,0,0,0,,,,,,,,,,,,,,,,,,,,,,,,,,,,,,,,,,,,,,,,,,,,,,,,,,,,,,,,,,,,,,,,,,,,,,,,,,,,,,,,,,,,,,,,,,,,,,,,,,,,,,,,,,,,,,,,,,,,,,,,,,,,,,,,,,,,,,,,,,,,,,,,,,,,,,,,,,,,0,,AI, , ,#REF!,#REF!,#REF!
,,AI,Puente,0,0,0,0,0,0,0,0,0,0,0,0,0,0,0,0,0,0,0,0,#REF!,0,0,0,0,0,0,0,0,0,,,,,,,,,,,,,,,,,,,,,,,,,,,,,,,,,,,,,,,,,,,,,,,,,,,,,,,,,,,,,,,,,,,,,,,,,,,,,,,,,,,,,,,,,,,,,,,,,,,,,,,,,,,,,,,,,,,,,,,,,,,,,,,,,,,,,,,,,,,,,,,,,,,,,,,,,,,,0,,AJ, , ,#REF!,#REF!,#REF!
,Op 90,AJ,Falta de soldadura,0,0,0,0,0,0,0,0,0,0,0,0,0,0,0,0,0,0,0,0,#REF!,0,0,0,0,0,0,0,0,0,,,,,,,,,,,,,,,,,,,,,,,,,,,,,,,,,,,,,,,,,,,,,,,,,,,,,,,,,,,,,,,,,,,,,,,,,,,,,,,,,,,,,,,,,,,,,,,,,,,,,,,,,,,,,,,,,,,,,,,,,,,,,,,,,,,,,,,,,,,,,,,,,,,,,,,,,,,,0,,AK, , ,#REF!,#REF!,#REF!
,,AK,Exceso de soldadura,0,0,0,0,0,0,0,0,0,0,0,0,0,0,0,0,0,0,0,0,#REF!,0,0,0,0,0,0,0,0,0,,,,,,,,,,,,,,,,,,,,,,,,,,,,,,,,,,,,,,,,,,,,,,,,,,,,,,,,,,,,,,,,,,,,,,,,,,,,,,,,,,,,,,,,,,,,,,,,,,,,,,,,,,,,,,,,,,,,,,,,,,,,,,,,,,,,,,,,,,,,,,,,,,,,,,,,,,,,0,,AL, , ,#REF!,#REF!,#REF!
,,AL,Sin soldar,0,0,0,0,0,0,0,0,0,0,0,0,0,0,0,0,0,0,0,0,#REF!,0,0,0,0,0,0,0,0,0,,,,,,,,,,,,,,,,,,,,,,,,,,,,,,,,,,,,,,,,,,,,,,,,,,,,,,,,,,,,,,,,,,,,,,,,,,,,,,,,,,,,,,,,,,,,,,,,,,,,,,,,,,,,,,,,,,,,,,,,,,,,,,,,,,,,,,,,,,,,,,,,,,,,,,,,,,,,0,,AM, , ,#REF!,#REF!,#REF!
,,AM,Brush holder quemado,0,0,0,0,0,0,0,0,0,0,0,0,0,0,0,0,0,0,0,0,#REF!,0,0,0,0,0,0,0,0,0,,,,,,,,,,,,,,,,,,,,,,,,,,,,,,,,,,,,,,,,,,,,,,,,,,,,,,,,,,,,,,,,,,,,,,,,,,,,,,,,,,,,,,,,,,,,,,,,,,,,,,,,,,,,,,,,,,,,,,,,,,,,,,,,,,,,,,,,,,,,,,,,,,,,,,,,,,,,0,,AN, , ,#REF!,#REF!,#REF!
,,AN,Poro,0,0,0,0,0,0,0,0,0,0,0,0,0,0,0,0,0,0,0,0,#REF!,0,0,0,0,0,0,0,0,0,,,,,,,,,,,,,,,,,,,,,,,,,,,,,,,,,,,,,,,,,,,,,,,,,,,,,,,,,,,,,,,,,,,,,,,,,,,,,,,,,,,,,,,,,,,,,,,,,,,,,,,,,,,,,,,,,,,,,,,,,,,,,,,,,,,,,,,,,,,,,,,,,,,,,,,,,,,,0,,AO, , ,#REF!,#REF!,#REF!
,,AÑ,Puente,0,0,0,0,0,0,0,0,0,0,0,0,0,0,0,0,0,0,0,0,#REF!,0,0,0,0,0,0,0,0,0,,,,,,,,,,,,,,,,,,,,,,,,,,,,,,,,,,,,,,,,,,,,,,,,,,,,,,,,,,,,,,,,,,,,,,,,,,,,,,,,,,,,,,,,,,,,,,,,,,,,,,,,,,,,,,,,,,,,,,,,,,,,,,,,,,,,,,,,,,,,,,,,,,,,,,,,,,,,0,,AP, , ,#REF!,#REF!,#REF!
,Op 100,AO,Falta de soldadura,0,0,0,0,0,0,0,0,0,0,0,0,0,0,0,0,0,0,0,0,#REF!,0,0,0,0,0,0,0,0,0,,,,,,,,,,,,,,,,,,,,,,,,,,,,,,,,,,,,,,,,,,,,,,,,,,,,,,,,,,,,,,,,,,,,,,,,,,,,,,,,,,,,,,,,,,,,,,,,,,,,,,,,,,,,,,,,,,,,,,,,,,,,,,,,,,,,,,,,,,,,,,,,,,,,,,,,,,,,0,,AQ, , ,#REF!,#REF!,#REF!
,,AP,Exceso de soldadura,0,0,0,0,0,0,0,0,0,0,0,0,0,0,0,0,0,0,0,0,0,0,0,0,0,0,0,0,0,0,,,,,,,,,,,,,,,,,,,,,,,,,,,,,,,,,,,,,,,,,,,,,,,,,,,,,,,,,,,,,,,,,,,,,,,,,,,,,,,,,,,,,,,,,,,,,,,,,,,,,,,,,,,,,,,,,,,,,,,,,,,,,,,,,,,,,,,,,,,,,,,,,,,,,,,,,,,,,,,,,,,
,,AQ,Sin soldar,0,0,0,0,0,0,0,0,0,0,0,0,0,0,0,0,0,0,0,0,#REF!,0,0,0,0,0,0,0,0,0,,,,,,,,,,,,,,,,,,,,,,,,,,,,,,,,,,,,,,,,,,,,,,,,,,,,,,,,,,,,,,,,,,,,,,,,,,,,,,,,,,,,,,,,,,,,,,,,,,,,,,,,,,,,,,,,,,,,,,,,,,,,,,,,,,,,,,,,,,,,,,,,,,,,,,,,,,,,0,,AR, , ,#REF!,#REF!,#REF!
,,AR,Brush holder quemado,0,0,0,0,0,0,0,0,0,0,0,0,0,0,0,0,0,0,0,0,#REF!,0,0,0,0,0,0,0,0,0,,,,,,,,,,,,,,,,,,,,,,,,,,,,,,,,,,,,,,,,,,,,,,,,,,,,,,,,,,,,,,,,,,,,,,,,,,,,,,,,,,,,,,,,,,,,,,,,,,,,,,,,,,,,,,,,,,,,,,,,,,,,,,,,,,,,,,,,,,,,,,,,,,,,,,,,,,,,0,,AS, , ,#REF!,#REF!,#REF!
,,AS,Poro,0,0,0,0,0,0,0,0,0,0,0,0,0,0,0,0,0,0,0,0,#REF!,0,0,0,0,0,0,0,0,0,,,,,,,,,,,,,,,,,,,,,,,,,,,,,,,,,,,,,,,,,,,,,,,,,,,,,,,,,,,,,,,,,,,,,,,,,,,,,,,,,,,,,,,,,,,,,,,,,,,,,,,,,,,,,,,,,,,,,,,,,,,,,,,,,,,,,,,,,,,,,,,,,,,,,,,,,,,,0,,AT, , ,#REF!,#REF!,#REF!
,,AT,Puente,0,0,0,0,0,0,0,0,0,0,0,0,0,0,0,0,0,0,0,0,#REF!,0,0,0,0,0,0,0,0,0,,,,,,,,,,,,,,,,,,,,,,,,,,,,,,,,,,,,,,,,,,,,,,,,,,,,,,,,,,,,,,,,,,,,,,,,,,,,,,,,,,,,,,,,,,,,,,,,,,,,,,,,,,,,,,,,,,,,,,,,,,,,,,,,,,,,,,,,,,,,,,,,,,,,,,,,,,,,0,,AU, , ,#REF!,#REF!,#REF!
,Op 120,AU,Sin continuidad,0,0,0,0,0,0,0,0,0,0,0,0,0,0,0,0,0,0,0,0,#REF!,0,0,0,0,0,0,0,0,0,,,,,,,,,,,,,,,,,,,,,,,,,,,,,,,,,,,,,,,,,,,,,,,,,,,,,,,,,,,,,,,,,,,,,,,,,,,,,,,,,,,,,,,,,,,,,,,,,,,,,,,,,,,,,,,,,,,,,,,,,,,,,,,,,,,,,,,,,,,,,,,,,,,,,,,,,,,,0,,AV, , ,#REF!,#REF!,#REF!
,,AV,Escobilla atorada,0,1282,0,0,0,362,657,0,0,0,0,327,0,0,0,327,0,0,0,0,#REF!,0,0,0,0,689,2266,0,0,0,,177,,,,,164,,,,,148,,,,,154,,,,,147,,,,,,,,,,167,,,,,171,,,,,154,,,,,138,,,,,171,,,,,136,,,,,,,,,143,,,,,,212,,,,219,,,,,,158,,,,,,,,,,,,,,,,,,,,169,,,,,,,,,,,,,,,,,,,,,,,,,,,,,,,,,,,,,,,,,,,,,,,,,,,,,,327,,AW, , ,#REF!,#REF!,#REF!
,,AW,Falta de escobilla,0,0,0,0,0,0,0,0,0,0,0,0,0,0,0,0,0,0,0,0,#REF!,0,0,0,0,0,0,0,0,0,,,,,,,,,,,,,,,,,,,,,,,,,,,,,,,,,,,,,,,,,,,,,,,,,,,,,,,,,,,,,,,,,,,,,,,,,,,,,,,,,,,,,,,,,,,,,,,,,,,,,,,,,,,,,,,,,,,,,,,,,,,,,,,,,,,,,,,,,,,,,,,,,,,,,,,,,,,,0,,AX, , ,#REF!,#REF!,#REF!
,,AX,Falta de resorte,0,0,0,0,0,0,0,0,0,0,0,0,0,0,0,0,0,0,0,0,#REF!,0,0,0,0,0,0,0,0,0,,,,,,,,,,,,,,,,,,,,,,,,,,,,,,,,,,,,,,,,,,,,,,,,,,,,,,,,,,,,,,,,,,,,,,,,,,,,,,,,,,,,,,,,,,,,,,,,,,,,,,,,,,,,,,,,,,,,,,,,,,,,,,,,,,,,,,,,,,,,,,,,,,,,,,,,,,,,0,,AY, , ,#REF!,#REF!,#REF!
,Op 150,AY,Mal ensamble del slinger,0,0,0,0,0,0,0,0,0,0,0,0,0,0,0,0,0,0,0,0,#REF!,0,0,0,0,0,0,0,0,0,,,,,,,,,,,,,,,,,,,,,,,,,,,,,,,,,,,,,,,,,,,,,,,,,,,,,,,,,,,,,,,,,,,,,,,,,,,,,,,,,,,,,,,,,,,,,,,,,,,,,,,,,,,,,,,,,,,,,,,,,,,,,,,,,,,,,,,,,,,,,,,,,,,,,,,,,,,,0,,AZ, , ,#REF!,#REF!,#REF!
,,AZ,Falta de slinger,0,0,0,0,0,0,0,0,0,0,0,0,0,0,0,0,0,0,0,0,#REF!,0,0,0,0,0,0,0,0,0,,,,,,,,,,,,,,,,,,,,,,,,,,,,,,,,,,,,,,,,,,,,,,,,,,,,,,,,,,,,,,,,,,,,,,,,,,,,,,,,,,,,,,,,,,,,,,,,,,,,,,,,,,,,,,,,,,,,,,,,,,,,,,,,,,,,,,,,,,,,,,,,,,,,,,,,,,,,0,,BA, , ,#REF!,#REF!,#REF!
,,BA,Slinger flojo,0,0,0,0,0,0,0,0,0,0,0,0,0,0,0,0,0,0,0,0,#REF!,0,0,0,0,0,0,0,0,0,,,,,,,,,,,,,,,,,,,,,,,,,,,,,,,,,,,,,,,,,,,,,,,,,,,,,,,,,,,,,,,,,,,,,,,,,,,,,,,,,,,,,,,,,,,,,,,,,,,,,,,,,,,,,,,,,,,,,,,,,,,,,,,,,,,,,,,,,,,,,,,,,,,,,,,,,,,,0,,BB, , ,#REF!,#REF!,#REF!
,,BB,Sliger dañado,0,0,0,0,0,0,0,0,0,0,0,0,0,0,0,0,0,0,0,0,#REF!,0,0,0,0,0,0,0,0,0,,,,,,,,,,,,,,,,,,,,,,,,,,,,,,,,,,,,,,,,,,,,,,,,,,,,,,,,,,,,,,,,,,,,,,,,,,,,,,,,,,,,,,,,,,,,,,,,,,,,,,,,,,,,,,,,,,,,,,,,,,,,,,,,,,,,,,,,,,,,,,,,,,,,,,,,,,,,0,,BC, , ,#REF!,#REF!,#REF!
,Op 160,BC,Falta codigo,0,0,0,0,0,0,0,0,0,0,0,0,0,0,0,0,0,0,0,0,#REF!,0,0,0,0,0,0,0,0,0,,,,,,,,,,,,,,,,,,,,,,,,,,,,,,,,,,,,,,,,,,,,,,,,,,,,,,,,,,,,,,,,,,,,,,,,,,,,,,,,,,,,,,,,,,,,,,,,,,,,,,,,,,,,,,,,,,,,,,,,,,,,,,,,,,,,,,,,,,,,,,,,,,,,,,,,,,,,0,,BD, , ,#REF!,#REF!,#REF!
,,BD,Codigo doble,0,0,0,0,0,0,0,0,0,0,0,0,0,0,0,0,0,0,0,0,#REF!,0,0,0,0,0,0,0,0,0,,,,,,,,,,,,,,,,,,,,,,,,,,,,,,,,,,,,,,,,,,,,,,,,,,,,,,,,,,,,,,,,,,,,,,,,,,,,,,,,,,,,,,,,,,,,,,,,,,,,,,,,,,,,,,,,,,,,,,,,,,,,,,,,,,,,,,,,,,,,,,,,,,,,,,,,,,,,0,,BE, , ,#REF!,#REF!,#REF!
,,BE,Codigo incompleto,0,0,0,0,0,0,0,0,0,0,0,0,0,0,0,0,0,0,0,0,#REF!,0,0,0,0,0,0,0,0,0,,,,,,,,,,,,,,,,,,,,,,,,,,,,,,,,,,,,,,,,,,,,,,,,,,,,,,,,,,,,,,,,,,,,,,,,,,,,,,,,,,,,,,,,,,,,,,,,,,,,,,,,,,,,,,,,,,,,,,,,,,,,,,,,,,,,,,,,,,,,,,,,,,,,,,,,,,,,0,,BF, , ,#REF!,#REF!,#REF!
,,BF,Codigo mal posicionado,0,0,0,0,0,0,0,0,0,0,0,0,0,0,0,0,0,0,0,0,#REF!,0,0,0,0,0,0,0,0,0,,,,,,,,,,,,,,,,,,,,,,,,,,,,,,,,,,,,,,,,,,,,,,,,,,,,,,,,,,,,,,,,,,,,,,,,,,,,,,,,,,,,,,,,,,,,,,,,,,,,,,,,,,,,,,,,,,,,,,,,,,,,,,,,,,,,,,,,,,,,,,,,,,,,,,,,,,,,0,,BG, , ,#REF!,#REF!,#REF!
Defectos Totales  ,,,,0,1489,0,0,0,362,799,0,0,0,0,392,0,0,0,417,0,0,0,0,0,0,0,0,0,779,2680,0,0,0,0,213,0,0,0,0,185,0,0,0,0,176,0,0,0,0,173,0,0,0,0,161,0,0,0,0,0,0,0,0,0,202,0,0,0,0,203,0,0,0,0,176,0,0,0,0,160,0,0,0,0,195,0,0,0,0,155,0,0,0,0,0,0,0,0,143,28,0,0,0,0,236,0,0,0,219,25,0,0,0,0,190,0,0,0,0,0,0,0,0,0,0,0,0,0,0,0,0,0,0,0,202,0,0,0,0,0,0,0,0,0,0,0,0,0,0,0,0,0,0,0,0,0,0,0,0,0,0,0,0,0,0,0,0,0,0,0,0,0,0,0,0,0,0,0,0,0,0,0,0,0,0,0,0,0,417,,,,,,,
Produccion Total  ,,,,28280,,,,,21846,,,,,8880,,,,,0,,,,,0,,,,,59006,59006,30726,30726,30726,3320,,,,,3360,,,,,3360,,,,,3600,,,,,3840,,,,,,,,,,3600,,,,,3600,,,,,3600,,,,,3840,,,,,3606,,,,,2200,,,,,,,,,,3080,,,,,4080,,,,,5040,,,,,5040,,,,,,,,,,,,,,,,,,,,3840,,,,,,,,,,,,,,,,,,,,,,,,,,,,,,,,,,,,,,,,,,,,,,,,,,,,,,,8880,,,,,,,
Total PPM´s  ,,,,0,#DIV/0!,#DIV/0!,#DIV/0!,#DIV/0!,16571,#DIV/0!,#DIV/0!,#DIV/0!,#DIV/0!,0,#DIV/0!,#DIV/0!,#DIV/0!,#DIV/0!,#DIV/0!,#DIV/0!,#DIV/0!,#DIV/0!,#DIV/0!,#DIV/0!,#DIV/0!,#DIV/0!,#DIV/0!,#DIV/0!,13202,45419,0,0,0,64157,,,,,#DIV/0!,,,,,#DIV/0!,,,,,#DIV/0!,,,,,#DIV/0!,,,,,#DIV/0!,,,,,#DIV/0!,,,,,#DIV/0!,,,,,#DIV/0!,,,,,#DIV/0!,,,,,#DIV/0!,,,,,#DIV/0!,,,,,#DIV/0!,,,,,#DIV/0!,,,,,#DIV/0!,,,,,#DIV/0!,,,,,#DIV/0!,,,,,#DIV/0!,,,,,#DIV/0!,,,,,#DIV/0!,,,,,#DIV/0!,,,,,#DIV/0!,,,,,#DIV/0!,,,,,#DIV/0!,,,,,#DIV/0!,,,,,#DIV/0!,,,,,#DIV/0!,,,,,#DIV/0!,,,,,#DIV/0!,,,,,#DIV/0!,,,,,#DIV/0!,,,,,46959,,,,,,,
Meta Mensual  ,,,,2000,2000,2000,2000,2000,2000,2000,2000,2000,2000,2000,2000,2000,2000,2000,2000,2000,2000,2000,2000,2000,2000,2000,2000,2000,2000,2000,2000,2000,2000,2000,,,,,2000,,,,,2000,,,,,2000,,,,,2000,,,,,2000,,,,,2000,,,,,2000,,,,,2000,,,,,2000,,,,,2000,,,,,2000,,,,,2000,,,,,2000,,,,,2000,,,,,2000,,,,,2000,,,,,2000,,,,,2000,,,,,2000,,,,,2000,,,,,2000,,,,,2000,,,,,2000,,,,,2000,,,,,2000,,,,,2000,,,,,2000,,,,,2000,,,,,2000,,,,,2000,,,,,2000,,,,,,,
